points,method,stage,samples,p50_ms,p95_ms,cumulative_peak_process_mib
4225,point_to_plane,first,7,10.2049,10.8212,8.6328125
4225,point_to_plane,oneshot,7,11.2953,12.0439,8.6328125
4225,point_to_plane,prepare,7,0.6258,0.6811,8.6328125
4225,point_to_plane,reused,14,10.0755,10.925,8.6328125
4225,point_to_point,first,7,10.6112,11.2166,8.6640625
4225,point_to_point,oneshot,7,11.4775,11.7619,8.6640625
4225,point_to_point,prepare,7,0.6191,0.6494,8.6640625
4225,point_to_point,reused,14,10.5677,10.8701,8.6640625
4225,gicp,first,7,13.7125,14.2293,9.55859375
4225,gicp,oneshot,7,16.3822,17.7806,9.55859375
4225,gicp,prepare,7,2.8179,3.398,9.55859375
4225,gicp,reused,14,14.0631,15.0237,9.55859375
