points,method,stage,samples,p50_ms,p95_ms
4225,point_to_plane,first,7,10.913,11.454
4225,point_to_plane,oneshot,7,11.5939,11.7973
4225,point_to_plane,prepare,7,0.6234,0.6283
4225,point_to_plane,reused,14,10.8177,11.5253
4225,point_to_point,first,7,10.8899,11.103
4225,point_to_point,oneshot,7,11.6565,12.1904
4225,point_to_point,prepare,7,0.6181,0.7008
4225,point_to_point,reused,14,10.9001,12.2662
4225,gicp,first,7,14.0049,14.6447
4225,gicp,oneshot,7,17.1629,17.7678
4225,gicp,prepare,7,2.7996,3.0723
4225,gicp,reused,14,13.8,14.3833
4225,inspection,stage_2,7,0.169,0.175
4225,inspection,stage_3,7,24.671,27.592
4225,inspection,stage_4,7,8.427,8.975
4225,inspection,stage_5,7,0,0
4225,inspection,stage_6,7,0.101,0.108
4225,inspection,stage_7,7,4.554,5.762
4225,inspection,stage_8,7,0,0
4225,inspection,stage_9,7,0.016,0.017
4225,inspection,total,7,38.8866,40.8116
