points,method,backend,stage,samples,p50_ms,p95_ms
4225,point_to_plane,cpu,first,3,10.9813,11.2158
4225,point_to_plane,cpu,oneshot,3,11.7024,11.7792
4225,point_to_plane,cpu,prepare,3,0.6408,0.6409
4225,point_to_plane,cpu,reused,6,10.8509,11.2552
4225,point_to_plane,gpu,first,3,0.4096,0.7203
4225,point_to_plane,gpu,oneshot,3,1.6477,1.7119
4225,point_to_plane,gpu,prepare,3,0.9627,1.1208
4225,point_to_plane,gpu,reused,6,0.4006,0.5129
4225,point_to_point,cpu,first,3,9.849,10.1644
4225,point_to_point,cpu,oneshot,3,10.7939,10.876
4225,point_to_point,cpu,prepare,3,0.4846,0.5126
4225,point_to_point,cpu,reused,6,9.6944,10.0996
4225,point_to_point,gpu,first,3,0.4208,0.4222
4225,point_to_point,gpu,oneshot,3,1.7691,1.8259
4225,point_to_point,gpu,prepare,3,1.0181,1.0242
4225,point_to_point,gpu,reused,6,0.411,0.415
4225,gicp,cpu,first,3,14.5433,14.5931
4225,gicp,cpu,oneshot,3,20.0916,20.5664
4225,gicp,cpu,prepare,3,4.9796,5.1839
4225,gicp,cpu,reused,6,14.222,14.4621
4225,gicp,gpu,first,3,1.7104,1.7283
4225,gicp,gpu,oneshot,3,3.7641,3.8169
4225,gicp,gpu,prepare,3,1.4523,1.4546
4225,gicp,gpu,reused,6,1.5459,1.7398
