points,backend,threads,stage,samples,p50_ms,p95_ms
1000000,cpu,4,first,3,3375.5771,3555.6023
1000000,cpu,4,oneshot,3,4687.33,4770.7753
1000000,cpu,4,prepare,3,1263.9022,1280.5005
1000000,cpu,4,reused,6,3368.5961,3522.4601
1000000,cpu,4,reused_stage_2,6,15.437,16.744
1000000,cpu,4,reused_stage_3,6,1122.502,1171.556
1000000,cpu,4,reused_stage_4,6,1600.561,1675.098
1000000,cpu,4,reused_stage_5,6,0,0
1000000,cpu,4,reused_stage_6,6,19.918,20.936
1000000,cpu,4,reused_stage_7,6,561.021,693.669
1000000,cpu,4,reused_stage_8,6,0,0
1000000,cpu,4,reused_stage_9,6,4.739,7.306
1000000,gpu,4,first,3,1824.2508,1826.4502
1000000,gpu,4,oneshot,3,3091.139,3101.5608
1000000,gpu,4,prepare,3,1368.9089,1378.9391
1000000,gpu,4,reused,6,1751.1337,1844.9445
1000000,gpu,4,reused_stage_2,6,15.661,16.177
1000000,gpu,4,reused_stage_3,6,1107.014,1180.705
1000000,gpu,4,reused_stage_4,6,70.421,99.522
1000000,gpu,4,reused_stage_5,6,0,0
1000000,gpu,4,reused_stage_6,6,18.826,19.264
1000000,gpu,4,reused_stage_7,6,543.003,563.829
1000000,gpu,4,reused_stage_8,6,0,0
1000000,gpu,4,reused_stage_9,6,4.446,5.243
