points,method,backend,median_ms,iterations,rmse_mm
289,point_to_plane,cpu,0.7961,2,4.29799e-08
289,point_to_plane,gpu,0.6583,2,4.29799e-08
289,point_to_point,cpu,0.8824,2,7.91491e-08
289,point_to_point,gpu,0.8031,2,7.91491e-08
289,gicp,cpu,1.6426,2,1.2826e-07
289,gicp,gpu,1.5126,2,1.2826e-07
1089,point_to_plane,cpu,3.3395,2,3.99775e-08
1089,point_to_plane,gpu,1.063,2,3.99775e-08
1089,point_to_point,cpu,3.6396,2,6.43969e-08
1089,point_to_point,gpu,1.0918,2,6.43969e-08
1089,gicp,cpu,6.5627,2,9.38875e-08
1089,gicp,gpu,4.8765,2,9.38875e-08
4225,point_to_plane,cpu,14.0867,2,3.95799e-08
4225,point_to_plane,gpu,2.4421,2,3.95799e-08
4225,point_to_point,cpu,13.9706,2,5.91045e-08
4225,point_to_point,gpu,2.7661,2,5.91045e-08
4225,gicp,cpu,26.4499,2,6.94562e-08
4225,gicp,gpu,16.4837,2,6.94562e-08
