workload,points,queries,strategy,prepare_median_ms,query_median_ms,total_median_ms,device_payload_mib
lattice,1024,1024,indexed,0.376,0.0563,0.5956,0.0360947
lattice,1024,1024,tiled,0.2394,0.3974,0.8573,0.0273438
lattice,16384,16384,indexed,3.1976,0.1613,3.5165,0.578087
lattice,16384,16384,tiled,0.3015,11.7971,12.3804,0.4375
lattice,131072,131072,indexed,31.7153,1.1669,33.4806,4.62496
lattice,1048576,1048576,indexed,312.707,9.381,322.849,37
plane,1024,1024,indexed,0.2106,0.043,0.3553,0.0360947
plane,1024,1024,tiled,0.1911,0.3917,0.7187,0.0273438
plane,16384,16384,indexed,3.327,0.1726,3.6251,0.578087
plane,16384,16384,tiled,0.3236,11.5485,12.2216,0.4375
plane,131072,131072,indexed,31.203,0.9998,32.5033,4.62496
plane,1048576,1048576,indexed,219.815,8.9656,229.369,37
duplicates,1024,1024,indexed,0.2572,0.0575,0.5624,0.0360947
duplicates,1024,1024,tiled,0.1507,0.3814,0.6614,0.0273438
duplicates,16384,16384,indexed,0.7062,0.1252,0.9256,0.578087
duplicates,16384,16384,tiled,0.2841,11.8172,12.3626,0.4375
duplicates,131072,131072,indexed,5.9333,0.7654,7.0649,4.62496
duplicates,1048576,1048576,indexed,51.9679,6.8942,59.3591,37
